{"Mesh_18":{"matrix":[[0.24000000953674316,0,0,0,3.7100000381469727,0,0,0,2.800000049173832,3.9199999570846558,7.84499979019165,1.3000000230967999]],"color":[0.7960784435272217,0.21960784494876862,0.08627451211214066],"type":"cube"},"Mesh_23":{"matrix":[[4.090000152587891,0,0,0,0.19999980926513672,0,0,0,0.24000000953674316,5.605000019073486,4.130000114440918,2.5800000429153442]],"color":[0.5803921818733215,0.686274528503418,0.4941176474094391],"type":"cube"},"Mesh_66":{"matrix":[[45,0,0,0,10,0,0,0,104,0,0,0]],"color":[0.3333333432674408,0.7764706015586853,0.5647059082984924],"type":"cube"},"Mesh_67":{"matrix":[[45,0,0,0,10,0,0,0,104,0,0,0]],"color":[0.5254902243614197,0.24705882370471954,0.9764705896377563],"type":"cube"},"Mesh_68":{"matrix":[[10,0,0,0,45,0,0,0,104,0,0,0]],"color":[0.8117647171020508,0.04313725605607033,0.7764706015586853],"type":"cube"},"Mesh_69":{"matrix":[[10,0,0,0,50,0,0,0,104,0,0,0]],"color":[0.5372549295425415,0.7333333492279053,0.7843137383460999],"type":"cube"},"Mesh_70":{"matrix":[[184,0,0,0,10,0,0,0,130,0,0,0]],"color":[0.10588235408067703,0.0117647061124444,0.23137255012989044],"type":"cube"}}