{
    "name": "普通乔木",
    "path": "resources/images/fgwt/",
    "depth": 2,
    "disturb": 0.01,
    "gravity": 10,
    "shrink": {
        "single": 0.3,
        "multi": 0.3,
        "root": true
    },
    "tubular_segments": 10,
    "radial_segments": 6,
    "sample_offset": 0.005,
    "leaf": {
        "geometry": {
            "style": "cross",
            "width": 1,
            "height": 1
        },
        "scale": 2,
        "alphaTest": 0.5
    },
    "branches": [
        {
            "start": {
                "x": 0,
                "y": 0,
                "z": 0
            },
            "end": {
                "x": 0,
                "y": 10,
                "z": 0
            },
            "radius": 0.3,
            "fork": [
                [
                    0.4,
                    0.05,
                    1.2566370614359172,
                    0.08726646259971647,
                    4,
                    0.5,
                    5
                ],
                [
                    0.5,
                    0.04,
                    1.0471975511965976,
                    0,
                    3,
                    0.5,
                    4
                ],
                [
                    0.6,
                    0.04,
                    0.6283185307179586,
                    0,
                    3,
                    0.5,
                    4
                ],
                [
                    0.7,
                    0.03,
                    0.5235987755982988,
                    0,
                    3,
                    0.5,
                    3
                ],
                [
                    0.9,
                    0,
                    0,
                    0,
                    2,
                    1,
                    1
                ]
            ]
        },
        {
            "fork": [
                [
                    0.5,
                    0.1,
                    0.6283185307179586,
                    0.08726646259971647,
                    2,
                    0.5,
                    2
                ],
                [
                    0.8,
                    0.1,
                    0.6283185307179586,
                    0,
                    1,
                    0.5,
                    2
                ]
            ]
        },
        {
            "leaves": [
                [
                    0.6,
                    0.4,
                    0.6283185307179586,
                    0,
                    3
                ]
            ]
        }
    ]
}